-- MySQL dump 10.13  Distrib 5.1.61, for redhat-linux-gnu (x86_64)
--
-- Host: localhost    Database: u720541450_bet
-- ------------------------------------------------------
-- Server version	5.1.61
/*!40103 SET @OLD_TIME_ZONE=@@TIME_ZONE */;
/*!40103 SET TIME_ZONE='+00:00' */;
/*!40014 SET @OLD_UNIQUE_CHECKS=@@UNIQUE_CHECKS, UNIQUE_CHECKS=0 */;
/*!40014 SET @OLD_FOREIGN_KEY_CHECKS=@@FOREIGN_KEY_CHECKS, FOREIGN_KEY_CHECKS=0 */;
/*!40101 SET @OLD_SQL_MODE=@@SQL_MODE, SQL_MODE='NO_AUTO_VALUE_ON_ZERO' */;
/*!40111 SET @OLD_SQL_NOTES=@@SQL_NOTES, SQL_NOTES=0 */;

--
-- Table structure for table `bet`
--

DROP TABLE IF EXISTS `bet`;
/*!40101 SET @saved_cs_client     = @@character_set_client */;
/*!40101 SET character_set_client = utf8 */;
CREATE TABLE `bet` (
  `id` int(11) unsigned NOT NULL AUTO_INCREMENT,
  `user_id` int(10) unsigned DEFAULT '0',
  `match_id` int(11) unsigned DEFAULT '0',
  `option` tinyint(4) DEFAULT '0',
  `money` bigint(20) DEFAULT '0',
  `is_active` bit(1) DEFAULT b'1',
  `created_time` timestamp NULL DEFAULT CURRENT_TIMESTAMP,
  PRIMARY KEY (`id`),
  UNIQUE KEY `user_id_match_id` (`user_id`,`match_id`),
  KEY `user_id` (`user_id`),
  KEY `FK_bet_match` (`match_id`)
) ENGINE=MyISAM AUTO_INCREMENT=567 DEFAULT CHARSET=latin1;
/*!40101 SET character_set_client = @saved_cs_client */;

--
-- Dumping data for table `bet`
--

LOCK TABLES `bet` WRITE;
/*!40000 ALTER TABLE `bet` DISABLE KEYS */;
INSERT INTO `bet` VALUES (22,21,10,2,149,'\0','2014-06-12 16:18:36'),(21,7,10,2,200,'\0','2014-06-12 10:13:35'),(20,15,10,2,20,'\0','2014-06-12 16:54:44'),(18,16,10,2,10,'\0','2014-06-12 09:49:23'),(17,33,10,2,100,'\0','2014-06-12 09:25:04'),(16,35,10,2,500,'\0','2014-06-12 09:16:43'),(15,12,10,1,10,'\0','2014-06-12 08:54:41'),(14,28,10,1,50,'\0','2014-06-12 16:12:50'),(24,26,10,2,350,'\0','2014-06-12 12:54:32'),(23,3,10,1,100,'\0','2014-06-12 12:39:53'),(25,14,10,2,49,'\0','2014-06-12 17:52:15'),(26,22,10,2,50,'\0','2014-06-12 15:38:02'),(27,24,10,1,100,'\0','2014-06-12 15:42:04'),(28,20,10,1,100,'\0','2014-06-12 16:12:00'),(29,32,10,2,201,'\0','2014-06-12 16:12:38'),(30,36,10,1,50,'\0','2014-06-12 16:18:11'),(31,31,10,1,100,'\0','2014-06-12 16:27:49'),(32,6,10,1,201,'\0','2014-06-12 17:28:27'),(33,20,12,1,100,'\0','2014-06-13 17:24:58'),(34,20,11,1,100,'\0','2014-06-13 14:58:05'),(35,21,11,1,250,'\0','2014-06-13 02:56:55'),(36,15,12,1,50,'\0','2014-06-13 04:03:21'),(40,28,12,1,50,'\0','2014-06-13 14:48:35'),(71,21,12,2,100,'\0','2014-06-13 18:44:20'),(39,12,11,1,200,'\0','2014-06-13 11:47:36'),(48,26,12,2,50,'\0','2014-06-13 07:54:25'),(42,33,12,2,200,'\0','2014-06-13 07:38:50'),(47,26,11,2,100,'\0','2014-06-13 07:54:04'),(44,22,12,2,100,'\0','2014-06-13 10:04:05'),(45,16,11,1,50,'\0','2014-06-13 14:54:04'),(46,3,12,1,50,'\0','2014-06-13 11:44:14'),(49,19,12,2,200,'\0','2014-06-13 09:07:04'),(51,19,11,1,100,'\0','2014-06-13 10:16:07'),(52,33,11,1,100,'\0','2014-06-13 10:16:42'),(53,44,11,2,199,'\0','2014-06-13 15:27:23'),(54,7,11,1,100,'\0','2014-06-13 10:25:58'),(55,44,12,2,199,'\0','2014-06-13 16:01:36'),(56,7,12,1,100,'\0','2014-06-13 10:57:34'),(57,47,11,2,60,'\0','2014-06-13 11:19:37'),(58,16,12,1,50,'\0','2014-06-13 11:27:07'),(59,47,12,2,60,'\0','2014-06-13 11:30:06'),(60,3,13,1,200,'\0','2014-06-13 11:44:27'),(61,15,11,1,32,'\0','2014-06-13 12:46:18'),(62,3,11,1,10,'\0','2014-06-13 13:43:12'),(63,22,11,1,30,'\0','2014-06-13 14:11:47'),(64,22,13,2,20,'\0','2014-06-13 14:12:38'),(65,46,11,1,50,'\0','2014-06-13 14:18:19'),(66,46,13,1,50,'\0','2014-06-13 14:24:13'),(68,46,12,2,50,'\0','2014-06-13 14:25:57'),(69,14,11,2,69,'\0','2014-06-13 14:45:15'),(70,28,13,1,100,'\0','2014-06-13 14:47:39'),(72,36,12,2,200,'\0','2014-06-13 16:21:13'),(73,20,13,2,100,'\0','2014-06-13 14:53:04'),(74,32,11,2,51,'\0','2014-06-13 15:07:14'),(75,32,12,2,151,'\0','2014-06-13 15:07:36'),(76,12,13,1,500,'\0','2014-06-13 21:54:26'),(77,24,11,1,100,'\0','2014-06-13 15:11:14'),(78,29,12,2,100,'\0','2014-06-13 15:11:58'),(79,24,12,2,100,'\0','2014-06-13 15:12:00'),(80,35,12,2,500,'\0','2014-06-13 15:24:59'),(81,45,12,1,50,'\0','2014-06-13 16:37:49'),(82,45,13,1,52,'\0','2014-06-13 16:38:03'),(83,14,12,2,381,'\0','2014-06-13 18:47:51'),(84,44,13,1,101,'\0','2014-06-13 18:41:30'),(85,15,13,1,202,'\0','2014-06-13 21:33:38'),(86,31,13,1,200,'\0','2014-06-13 21:17:47'),(87,35,13,1,1000,'\0','2014-06-13 21:32:12'),(88,19,16,2,200,'\0','2014-06-14 02:35:55'),(89,19,14,1,100,'\0','2014-06-14 02:39:50'),(90,21,14,1,140,'\0','2014-06-14 02:49:58'),(91,28,14,1,200,'\0','2014-06-14 03:07:30'),(92,28,15,1,300,'\0','2014-06-14 18:11:57'),(138,26,14,2,100,'\0','2014-06-14 15:49:10'),(94,6,15,1,200,'\0','2014-06-14 03:44:16'),(95,6,16,2,500,'\0','2014-06-14 03:44:25'),(96,6,14,2,1,'\0','2014-06-14 03:44:48'),(97,44,14,1,299,'\0','2014-06-14 03:56:45'),(98,44,15,1,399,'\0','2014-06-14 18:11:31'),(99,44,16,2,199,'\0','2014-06-14 18:07:37'),(100,12,14,2,20,'\0','2014-06-14 12:22:24'),(101,12,15,1,700,'\0','2014-06-14 18:13:26'),(102,12,16,1,10,'\0','2014-06-14 05:08:29'),(103,21,15,1,841,'\0','2014-06-14 18:35:27'),(104,45,14,1,100,'\0','2014-06-14 06:42:29'),(105,45,15,1,101,'\0','2014-06-14 06:42:40'),(106,45,16,1,102,'\0','2014-06-14 06:42:50'),(107,22,14,2,60,'\0','2014-06-14 06:44:33'),(108,19,15,1,200,'\0','2014-06-14 06:54:04'),(109,46,14,1,100,'\0','2014-06-14 07:45:14'),(110,46,15,1,100,'\0','2014-06-14 07:45:35'),(111,46,16,2,100,'\0','2014-06-14 07:45:56'),(136,46,17,1,100,'\0','2014-06-14 15:41:26'),(114,33,16,2,500,'\0','2014-06-14 09:57:15'),(116,16,14,1,140,'\0','2014-06-14 15:27:54'),(117,16,15,1,301,'\0','2014-06-14 18:27:29'),(118,24,15,1,200,'\0','2014-06-14 11:34:00'),(119,24,14,1,100,'\0','2014-06-14 11:36:41'),(120,15,15,1,394,'\0','2014-06-14 11:51:24'),(121,29,16,2,200,'\0','2014-06-14 12:59:51'),(122,29,14,1,100,'\0','2014-06-14 13:02:02'),(123,29,17,2,10,'\0','2014-06-14 13:03:56'),(124,3,14,1,260,'\0','2014-06-14 15:46:23'),(125,32,15,1,352,'\0','2014-06-14 13:14:04'),(126,32,17,1,49,'\0','2014-06-15 00:25:25'),(127,32,16,2,2,'\0','2014-06-14 13:16:16'),(128,47,14,1,120,'\0','2014-06-14 15:37:52'),(129,47,15,1,289,'\0','2014-06-14 18:04:01'),(130,14,14,1,333,'\0','2014-06-14 15:53:15'),(131,35,15,1,500,'\0','2014-06-14 14:50:32'),(132,35,14,1,200,'\0','2014-06-14 14:53:39'),(133,47,16,1,31,'\0','2014-06-14 17:46:00'),(134,16,16,2,129,'\0','2014-06-14 21:42:05'),(135,47,17,1,189,'\0','2014-06-14 23:56:43'),(137,31,14,1,300,'\0','2014-06-14 15:48:06'),(139,36,14,2,150,'\0','2014-06-14 15:50:20'),(140,44,17,2,199,'\0','2014-06-14 18:07:50'),(142,27,16,1,150,'\0','2014-06-14 15:59:34'),(143,3,15,1,620,'\0','2014-06-14 17:58:53'),(144,30,15,2,400,'\0','2014-06-14 18:01:59'),(145,31,15,2,100,'\0','2014-06-14 18:43:53'),(146,36,15,2,150,'\0','2014-06-14 18:52:13'),(147,14,15,1,777,'\0','2014-06-14 18:54:19'),(148,22,16,2,200,'\0','2014-06-14 19:26:00'),(149,14,16,1,39,'\0','2014-06-14 19:41:22'),(150,14,17,1,100,'\0','2014-06-14 19:41:47'),(151,3,16,1,399,'\0','2014-06-14 21:46:09'),(152,31,16,1,200,'\0','2014-06-14 21:49:31'),(153,36,16,1,100,'\0','2014-06-14 21:52:03'),(154,35,16,1,100,'\0','2014-06-14 21:53:31'),(155,22,17,2,100,'\0','2014-06-14 22:57:14'),(156,16,17,2,158,'\0','2014-06-15 00:11:16'),(157,30,17,1,400,'\0','2014-06-15 00:13:10'),(158,45,17,2,101,'\0','2014-06-15 00:28:46'),(159,35,17,1,400,'\0','2014-06-15 00:47:38'),(160,31,17,2,100,'\0','2014-06-15 00:43:06'),(161,21,17,2,51,'\0','2014-06-15 00:48:17'),(162,36,17,2,150,'\0','2014-06-15 00:48:37'),(163,12,17,1,480,'\0','2014-06-15 00:52:39'),(171,47,18,2,120,'\0','2014-06-15 12:45:11'),(177,47,20,1,67,'\0','2014-06-15 16:26:42'),(166,6,18,2,300,'\0','2014-06-15 15:29:05'),(167,6,20,1,700,'\0','2014-06-15 16:34:43'),(168,15,18,1,270,'\0','2014-06-15 14:35:46'),(169,33,20,1,200,'\0','2014-06-15 07:20:51'),(172,46,18,1,100,'\0','2014-06-15 09:11:53'),(173,32,18,2,98,'\0','2014-06-15 09:14:51'),(174,46,19,2,100,'\0','2014-06-15 09:15:48'),(175,46,20,2,100,'\0','2014-06-15 15:37:20'),(176,16,18,1,100,'\0','2014-06-15 14:37:57'),(178,47,19,2,99,'\0','2014-06-15 16:24:04'),(179,28,20,2,500,'\0','2014-06-15 12:38:55'),(180,12,18,1,300,'\0','2014-06-15 15:51:31'),(181,12,19,2,400,'\0','2014-06-15 18:14:27'),(182,12,20,1,800,'\0','2014-06-15 21:04:01'),(183,3,18,2,1,'\0','2014-06-15 13:16:48'),(193,44,18,2,101,'\0','2014-06-15 15:02:51'),(185,16,20,1,30,'\0','2014-06-15 13:52:05'),(186,31,18,2,200,'\0','2014-06-15 14:02:17'),(187,31,19,1,200,'\0','2014-06-15 14:06:08'),(188,31,20,1,500,'\0','2014-06-15 14:46:53'),(189,29,20,1,120,'\0','2014-06-15 14:23:33'),(190,29,18,2,30,'\0','2014-06-15 14:24:04'),(191,35,20,1,500,'\0','2014-06-15 14:26:09'),(192,29,19,1,50,'\0','2014-06-15 14:31:23'),(194,44,19,1,200,'\0','2014-06-15 15:03:03'),(195,44,20,1,200,'\0','2014-06-15 15:03:15'),(196,14,18,2,49,'\0','2014-06-15 15:05:55'),(197,14,19,1,150,'\0','2014-06-15 15:07:11'),(198,14,20,2,123,'\0','2014-06-15 21:12:34'),(199,22,18,2,100,'\0','2014-06-15 15:15:00'),(200,45,19,1,100,'\0','2014-06-15 15:18:29'),(201,45,20,1,50,'\0','2014-06-15 15:19:41'),(202,45,18,2,50,'\0','2014-06-15 15:20:19'),(203,24,18,2,100,'\0','2014-06-15 15:30:10'),(205,24,19,1,100,'\0','2014-06-15 15:41:41'),(207,36,18,1,100,'\0','2014-06-15 15:52:44'),(208,21,19,1,449,'\0','2014-06-15 15:57:05'),(212,22,19,1,100,'\0','2014-06-15 17:51:22'),(211,30,20,2,400,'\0','2014-06-15 16:49:58'),(213,22,20,2,100,'\0','2014-06-15 17:51:52'),(214,15,19,1,340,'\0','2014-06-15 17:56:39'),(215,21,20,1,898,'\0','2014-06-15 21:35:59'),(231,15,22,2,250,'\0','2014-06-16 18:17:05'),(217,16,21,2,170,'\0','2014-06-16 12:50:47'),(218,19,21,1,200,'\0','2014-06-16 01:50:27'),(219,19,22,2,200,'\0','2014-06-16 05:15:05'),(220,7,21,1,300,'\0','2014-06-16 01:53:23'),(221,20,21,1,100,'\0','2014-06-16 03:49:27'),(222,20,22,2,100,'\0','2014-06-16 03:49:43'),(223,33,23,2,500,'\0','2014-06-16 05:08:42'),(224,19,23,2,200,'\0','2014-06-16 05:08:57'),(225,44,21,2,289,'\0','2014-06-16 05:45:59'),(232,15,21,1,70,'\0','2014-06-16 15:34:08'),(227,10,22,2,500,'\0','2014-06-16 07:25:40'),(228,27,21,2,150,'\0','2014-06-16 09:50:26'),(229,27,22,2,200,'\0','2014-06-16 09:50:41'),(230,14,21,1,222,'\0','2014-06-16 15:54:43'),(233,46,21,2,100,'\0','2014-06-16 14:53:25'),(234,46,22,2,200,'\0','2014-06-16 13:23:09'),(235,46,23,2,200,'\0','2014-06-16 13:28:43'),(236,29,21,1,200,'\0','2014-06-16 14:42:45'),(237,47,21,1,103,'\0','2014-06-16 14:43:40'),(238,47,23,2,100,'\0','2014-06-16 14:44:16'),(239,45,21,1,50,'\0','2014-06-16 15:20:45'),(240,45,22,2,100,'\0','2014-06-16 15:21:04'),(241,45,23,1,50,'\0','2014-06-16 15:21:15'),(242,24,21,2,100,'\0','2014-06-16 15:35:09'),(243,12,21,2,60,'\0','2014-06-16 15:36:35'),(244,24,23,1,100,'\0','2014-06-16 18:20:43'),(245,31,21,1,400,'\0','2014-06-16 15:48:00'),(246,35,22,2,500,'\0','2014-06-16 15:44:57'),(247,30,21,1,400,'\0','2014-06-16 15:45:33'),(248,51,21,1,200,'\0','2014-06-16 15:53:43'),(249,22,21,1,200,'\0','2014-06-16 15:48:33'),(250,51,23,2,200,'\0','2014-06-16 15:53:54'),(251,51,22,2,100,'\0','2014-06-16 15:49:52'),(252,36,21,1,100,'\0','2014-06-16 15:54:12'),(253,16,22,2,200,'\0','2014-06-16 16:51:51'),(254,22,22,2,200,'\0','2014-06-16 17:24:05'),(255,15,23,2,100,'\0','2014-06-16 18:07:02'),(256,14,22,1,100,'\0','2014-06-16 18:19:43'),(257,24,22,2,100,'\0','2014-06-16 18:20:27'),(258,14,23,1,77,'\0','2014-06-16 18:20:59'),(259,36,23,1,200,'\0','2014-06-16 18:21:38'),(260,7,22,2,600,'\0','2014-06-16 18:31:33'),(261,28,22,2,1000,'\0','2014-06-16 18:50:51'),(262,28,23,2,500,'\0','2014-06-16 21:14:28'),(263,22,23,2,200,'\0','2014-06-16 21:56:33'),(265,20,25,1,200,'\0','2014-06-17 01:34:47'),(298,51,24,1,400,'\0','2014-06-17 15:40:51'),(271,33,25,2,500,'\0','2014-06-17 06:58:33'),(277,19,26,2,200,'\0','2014-06-17 10:13:46'),(269,19,25,2,500,'\0','2014-06-17 10:12:02'),(284,54,24,2,300,'\0','2014-06-17 13:55:54'),(272,21,24,2,51,'\0','2014-06-17 07:07:51'),(273,21,25,2,50,'\0','2014-06-17 16:40:36'),(274,52,24,2,151,'\0','2014-06-17 15:40:35'),(275,52,25,2,100,'\0','2014-06-17 07:03:52'),(276,33,26,2,500,'\0','2014-06-17 08:49:14'),(308,46,25,2,150,'\0','2014-06-17 18:36:17'),(309,46,26,1,150,'\0','2014-06-17 18:36:02'),(281,45,24,1,190,'\0','2014-06-17 13:32:09'),(282,15,24,1,600,'\0','2014-06-17 15:53:01'),(283,14,24,1,444,'\0','2014-06-17 15:38:17'),(285,31,24,1,500,'\0','2014-06-17 13:59:22'),(286,47,25,2,136,'\0','2014-06-17 17:14:44'),(287,47,26,2,60,'\0','2014-06-17 15:05:14'),(288,46,24,2,100,'\0','2014-06-17 14:46:35'),(289,15,25,1,200,'\0','2014-06-17 17:56:50'),(310,31,25,2,300,'\0','2014-06-17 18:32:13'),(291,47,24,2,150,'\0','2014-06-17 15:06:15'),(292,55,24,2,250,'\0','2014-06-17 15:10:38'),(293,55,25,2,250,'\0','2014-06-17 17:54:04'),(294,55,26,1,250,'\0','2014-06-17 21:02:08'),(295,53,26,2,300,'\0','2014-06-17 17:55:49'),(296,53,24,2,300,'\0','2014-06-17 15:38:53'),(297,22,24,1,200,'\0','2014-06-17 15:47:30'),(299,35,24,1,1000,'\0','2014-06-17 15:50:45'),(300,44,24,1,111,'\0','2014-06-17 15:51:20'),(301,30,24,2,500,'\0','2014-06-17 15:54:16'),(302,45,26,2,7,'\0','2014-06-17 16:27:02'),(303,51,25,1,200,'\0','2014-06-17 16:49:30'),(304,51,26,2,200,'\0','2014-06-17 16:49:41'),(305,22,25,1,200,'\0','2014-06-17 17:04:33'),(306,14,25,1,405,'\0','2014-06-17 17:53:16'),(307,53,25,2,300,'\0','2014-06-17 17:56:10'),(311,36,25,2,100,'\0','2014-06-17 18:55:24'),(312,28,26,1,200,'\0','2014-06-17 20:57:10'),(313,21,26,2,50,'\0','2014-06-17 20:58:07'),(314,52,26,2,100,'\0','2014-06-17 21:01:23'),(315,22,26,2,400,'\0','2014-06-17 21:55:55'),(316,52,27,1,150,'\0','2014-06-18 15:27:24'),(317,21,27,1,300,'\0','2014-06-18 07:47:15'),(318,51,27,2,200,'\0','2014-06-18 15:50:16'),(319,55,27,1,750,'\0','2014-06-18 04:23:26'),(322,33,29,2,500,'\0','2014-06-18 06:02:26'),(321,33,28,2,500,'\0','2014-06-18 06:00:11'),(323,19,28,1,800,'\0','2014-06-18 08:50:22'),(324,19,29,1,500,'\0','2014-06-18 06:42:53'),(325,33,27,1,500,'\0','2014-06-18 06:42:58'),(326,53,27,1,500,'\0','2014-06-18 10:02:17'),(327,31,27,1,600,'\0','2014-06-18 10:03:16'),(328,53,29,1,500,'\0','2014-06-18 10:05:16'),(329,53,28,1,400,'\0','2014-06-18 10:07:11'),(330,28,27,2,400,'\0','2014-06-18 10:12:22'),(331,28,29,2,400,'\0','2014-06-18 10:13:17'),(332,46,28,2,300,'\0','2014-06-18 11:58:01'),(333,46,29,1,300,'\0','2014-06-18 11:58:45'),(334,46,27,2,300,'\0','2014-06-18 11:59:19'),(335,29,28,1,500,'\0','2014-06-18 13:45:29'),(336,29,27,2,300,'\0','2014-06-18 13:52:26'),(340,30,28,1,800,'\0','2014-06-18 14:56:36'),(352,45,28,1,13,'\0','2014-06-18 16:04:14'),(342,47,28,2,300,'\0','2014-06-18 15:33:23'),(349,30,27,1,700,'\0','2014-06-18 15:50:35'),(344,47,29,1,200,'\0','2014-06-18 15:50:27'),(345,47,27,1,100,'\0','2014-06-18 15:21:09'),(346,24,27,1,400,'\0','2014-06-18 15:19:50'),(347,17,27,2,200,'\0','2014-06-18 15:36:14'),(348,22,27,1,400,'\0','2014-06-18 15:44:48'),(351,3,27,1,50,'\0','2014-06-18 15:54:24'),(353,17,28,2,300,'\0','2014-06-18 17:57:22'),(354,51,28,1,100,'\0','2014-06-18 17:56:38'),(355,51,29,2,100,'\0','2014-06-18 17:56:49'),(356,52,28,2,200,'\0','2014-06-18 18:46:51'),(357,21,28,2,100,'\0','2014-06-18 18:01:40'),(358,24,28,1,400,'\0','2014-06-18 18:07:45'),(359,54,28,1,500,'\0','2014-06-18 18:13:12'),(360,55,28,2,1500,'\0','2014-06-18 18:43:12'),(361,3,28,1,150,'\0','2014-06-18 18:17:29'),(362,31,28,1,1000,'\0','2014-06-18 18:47:42'),(363,36,28,1,100,'\0','2014-06-18 18:54:27'),(364,52,29,2,150,'\0','2014-06-18 19:54:19'),(365,21,29,2,100,'\0','2014-06-18 19:55:45'),(366,55,29,1,1100,'\0','2014-06-18 21:45:39'),(367,19,30,1,500,'\0','2014-06-19 03:20:52'),(368,46,30,1,350,'\0','2014-06-19 03:25:35'),(369,46,31,2,300,'\0','2014-06-19 03:25:49'),(370,33,31,2,1000,'\0','2014-06-19 05:50:21'),(371,33,32,1,1000,'\0','2014-06-19 05:54:57'),(372,55,30,1,1900,'\0','2014-06-19 08:14:25'),(373,17,30,1,450,'\0','2014-06-19 14:40:18'),(374,17,31,2,1050,'\0','2014-06-19 18:11:55'),(375,51,30,2,200,'\0','2014-06-19 09:12:55'),(382,28,31,2,700,'\0','2014-06-19 18:10:38'),(377,31,30,2,200,'\0','2014-06-19 11:21:26'),(378,3,30,1,25,'\0','2014-06-19 11:28:38'),(379,3,31,2,100,'\0','2014-06-19 18:55:11'),(380,28,30,1,400,'\0','2014-06-19 13:22:05'),(381,45,32,1,2,'\0','2014-06-19 13:48:59'),(383,53,30,2,500,'\0','2014-06-19 14:41:43'),(384,3,32,1,125,'\0','2014-06-19 21:53:05'),(385,47,32,1,300,'\0','2014-06-19 16:50:19'),(386,47,30,2,100,'\0','2014-06-19 15:27:12'),(387,47,31,2,252,'\0','2014-06-19 16:51:21'),(388,32,31,2,500,'\0','2014-06-19 15:28:41'),(389,36,30,1,100,'\0','2014-06-19 15:40:51'),(392,27,30,1,100,'\0','2014-06-19 15:53:42'),(391,22,30,2,300,'\0','2014-06-19 15:54:50'),(393,27,32,2,50,'\0','2014-06-19 15:54:06'),(398,28,32,1,500,'\0','2014-06-19 18:14:11'),(395,19,31,2,1000,'\0','2014-06-19 18:04:45'),(396,55,31,1,800,'\0','2014-06-19 18:09:20'),(397,55,32,2,1100,'\0','2014-06-19 20:31:26'),(399,22,32,1,600,'\0','2014-06-19 19:18:37'),(400,36,32,1,200,'\0','2014-06-19 21:11:20'),(401,52,33,1,750,'\0','2014-06-20 03:57:53'),(402,21,33,1,1151,'\0','2014-06-20 11:47:41'),(403,33,33,2,2000,'\0','2014-06-20 03:08:54'),(411,46,34,2,200,'\0','2014-06-20 12:11:48'),(405,3,33,2,200,'\0','2014-06-20 05:33:53'),(406,29,33,1,190,'\0','2014-06-20 10:12:57'),(407,24,33,1,400,'\0','2014-06-20 10:12:07'),(408,47,33,2,300,'\0','2014-06-20 11:11:29'),(409,12,33,1,500,'\0','2014-06-20 11:20:59'),(412,46,33,1,100,'\0','2014-06-20 12:09:37'),(413,55,33,1,700,'\0','2014-06-20 12:15:13'),(414,55,34,1,2000,'\0','2014-06-20 18:12:16'),(415,55,35,1,1100,'\0','2014-06-20 20:25:37'),(416,53,33,2,500,'\0','2014-06-20 14:28:01'),(417,31,33,1,500,'\0','2014-06-20 15:03:45'),(418,27,33,2,90,'\0','2014-06-20 15:40:22'),(419,22,33,1,400,'\0','2014-06-20 15:43:42'),(421,27,35,2,500,'\0','2014-06-20 15:59:23'),(422,27,34,2,10,'\0','2014-06-20 15:59:43'),(423,20,34,2,200,'\0','2014-06-20 16:03:46'),(425,52,34,1,601,'\0','2014-06-20 17:47:18'),(426,3,34,2,100,'\0','2014-06-20 18:05:39'),(427,36,34,2,400,'\0','2014-06-20 18:14:14'),(428,3,35,2,200,'\0','2014-06-20 21:52:13'),(429,54,37,1,300,'\0','2014-06-21 05:08:34'),(430,59,36,2,200,'\0','2014-06-21 11:33:13'),(436,55,36,2,1900,'\0','2014-06-21 09:21:19'),(432,46,37,2,200,'\0','2014-06-21 13:49:23'),(433,46,38,2,200,'\0','2014-06-21 21:14:46'),(434,33,36,2,1000,'\0','2014-06-21 06:50:52'),(435,47,36,2,400,'\0','2014-06-21 07:05:55'),(437,3,36,1,200,'\0','2014-06-21 09:29:33'),(438,46,36,2,200,'\0','2014-06-21 13:49:11'),(439,52,36,1,500,'\0','2014-06-21 14:02:29'),(440,60,36,2,500,'\0','2014-06-21 14:09:06'),(441,39,36,1,500,'\0','2014-06-21 14:11:54'),(442,53,36,2,1000,'\0','2014-06-21 14:28:35'),(443,27,36,1,180,'\0','2014-06-21 15:43:53'),(444,36,36,1,500,'\0','2014-06-21 15:50:05'),(445,51,36,1,500,'\0','2014-06-21 15:55:09'),(446,27,37,1,50,'\0','2014-06-21 16:47:52'),(447,27,38,1,270,'\0','2014-06-21 17:19:57'),(448,3,37,1,300,'\0','2014-06-21 18:09:05'),(449,59,38,1,200,'\0','2014-06-21 18:09:57'),(450,47,38,2,300,'\0','2014-06-21 18:30:01'),(451,47,37,1,150,'\0','2014-06-21 18:26:36'),(452,30,38,1,1000,'\0','2014-06-21 18:39:32'),(453,30,37,1,1000,'\0','2014-06-21 18:40:05'),(454,60,37,2,500,'\0','2014-06-21 18:46:30'),(455,55,37,2,800,'\0','2014-06-21 18:50:26'),(456,36,38,2,200,'\0','2014-06-21 20:53:57'),(457,55,38,1,1100,'\0','2014-06-21 20:56:16'),(458,60,38,1,500,'\0','2014-06-21 21:07:22'),(459,46,39,1,1000,'\0','2014-06-22 03:54:47'),(460,33,41,1,2000,'\0','2014-06-22 05:18:54'),(461,3,39,1,200,'\0','2014-06-22 14:27:15'),(462,60,39,2,600,'\0','2014-06-22 10:10:36'),(463,59,40,2,300,'\0','2014-06-22 10:26:43'),(464,59,41,1,300,'\0','2014-06-22 10:27:37'),(465,53,41,1,500,'\0','2014-06-22 11:50:24'),(466,39,39,2,500,'\0','2014-06-22 12:39:26'),(467,55,39,2,900,'\0','2014-06-22 13:49:45'),(468,48,40,2,100,'\0','2014-06-22 14:25:33'),(469,48,41,1,100,'\0','2014-06-22 21:06:10'),(470,59,39,1,300,'\0','2014-06-22 14:28:11'),(471,27,39,1,990,'\0','2014-06-22 15:20:39'),(472,27,40,2,250,'\0','2014-06-22 15:26:34'),(473,27,41,1,50,'\0','2014-06-22 15:27:25'),(474,47,39,1,300,'\0','2014-06-22 15:51:44'),(475,30,39,1,1000,'\0','2014-06-22 15:50:10'),(476,47,41,1,350,'\0','2014-06-22 18:06:08'),(477,46,41,1,2000,'\0','2014-06-22 17:59:05'),(478,55,40,1,1000,'\0','2014-06-22 18:01:23'),(479,47,40,2,150,'\0','2014-06-22 18:04:36'),(480,30,40,2,1000,'\0','2014-06-22 18:16:15'),(481,60,40,1,1400,'\0','2014-06-22 18:46:53'),(482,3,41,1,400,'\0','2014-06-22 21:02:03'),(483,55,41,1,3800,'\0','2014-06-22 21:03:34'),(484,30,41,2,1000,'\0','2014-06-22 21:47:23'),(485,55,42,1,1100,'\0','2014-06-23 06:00:30'),(486,55,43,2,1100,'\0','2014-06-23 06:00:43'),(487,33,42,1,2000,'\0','2014-06-23 06:12:32'),(495,33,44,1,2000,'\0','2014-06-23 08:44:31'),(497,47,42,1,600,'\0','2014-06-23 15:21:57'),(504,46,42,1,1000,'\0','2014-06-23 15:44:09'),(505,27,45,2,1032,'\0','2014-06-23 18:23:39'),(500,27,42,2,890,'\0','2014-06-23 15:28:52'),(501,27,43,1,690,'\0','2014-06-23 15:32:46'),(502,27,44,2,110,'\0','2014-06-23 18:25:25'),(503,47,43,1,400,'\0','2014-06-23 15:33:35'),(506,47,44,1,500,'\0','2014-06-23 18:31:23'),(507,53,44,1,1000,'\0','2014-06-23 15:44:25'),(508,53,42,1,1500,'\0','2014-06-23 15:45:17'),(512,46,45,2,2000,'\0','2014-06-23 18:12:00'),(511,30,43,1,1500,'\0','2014-06-23 15:49:02'),(514,30,45,1,1000,'\0','2014-06-23 18:14:29'),(515,47,45,2,650,'\0','2014-06-23 18:32:30'),(516,55,44,1,5400,'\0','2014-06-23 19:03:16'),(517,33,47,1,3000,'\0','2014-06-24 02:16:41'),(518,3,47,2,800,'\0','2014-06-24 06:07:48'),(526,30,46,1,1000,'\0','2014-06-24 15:40:37'),(522,30,47,2,1000,'\0','2014-06-24 14:52:40'),(524,27,46,2,1023,'\0','2014-06-24 15:54:17'),(525,27,48,1,450,'\0','2014-06-24 18:40:25'),(527,27,47,2,899,'\0','2014-06-24 15:49:26'),(528,59,47,1,800,'\0','2014-06-24 15:44:47'),(529,46,47,1,2500,'\0','2014-06-24 15:51:06'),(530,27,49,2,2450,'\0','2014-06-24 18:38:00'),(532,47,49,2,1300,'\0','2014-06-24 17:58:30'),(533,30,49,2,2000,'\0','2014-06-24 18:07:09'),(534,46,49,2,3500,'\0','2014-06-24 19:48:32'),(535,59,49,2,1900,'\0','2014-06-24 19:49:14'),(546,20,51,2,200,'\0','2014-06-25 15:53:07'),(541,48,50,2,700,'\0','2014-06-25 15:48:39'),(538,27,50,1,999,'\0','2014-06-25 15:49:48'),(543,27,51,2,490,'\0','2014-06-25 15:50:44'),(542,46,50,1,500,'\0','2014-06-25 15:46:41'),(544,27,53,2,500,'\0','2014-06-25 15:51:27'),(545,27,52,2,510,'\0','2014-06-25 15:52:15'),(547,20,50,1,300,'\0','2014-06-25 15:53:24'),(548,59,51,2,699,'\0','2014-06-25 15:54:39'),(552,33,54,1,2500,'\0','2014-06-26 15:04:35'),(550,46,52,1,500,'\0','2014-06-25 18:43:03'),(551,20,52,1,600,'\0','2014-06-25 19:18:37'),(557,27,55,2,2550,'\0','2014-06-26 15:50:12'),(555,46,54,2,1700,'\0','2014-06-26 15:45:51'),(556,46,55,1,1700,'\0','2014-06-26 15:46:06'),(559,27,57,2,23,'\0','2014-06-26 16:03:27'),(560,27,56,2,34,'\0','2014-06-26 16:04:40'),(561,33,57,1,5000,'\0','2014-06-26 17:58:05'),(564,46,57,2,700,'\0','2014-06-26 18:28:03'),(566,46,56,2,2000,'\0','2014-06-26 19:46:35');
/*!40000 ALTER TABLE `bet` ENABLE KEYS */;
UNLOCK TABLES;

--
-- Table structure for table `campaign`
--

DROP TABLE IF EXISTS `campaign`;
/*!40101 SET @saved_cs_client     = @@character_set_client */;
/*!40101 SET character_set_client = utf8 */;
CREATE TABLE `campaign` (
  `id` int(10) unsigned NOT NULL AUTO_INCREMENT,
  `name` varchar(50) DEFAULT NULL,
  `description` text,
  `image` varchar(50) DEFAULT NULL,
  PRIMARY KEY (`id`)
) ENGINE=MyISAM AUTO_INCREMENT=2 DEFAULT CHARSET=latin1;
/*!40101 SET character_set_client = @saved_cs_client */;

--
-- Dumping data for table `campaign`
--

LOCK TABLES `campaign` WRITE;
/*!40000 ALTER TABLE `campaign` DISABLE KEYS */;
INSERT INTO `campaign` VALUES (1,'World Cup 2014','','');
/*!40000 ALTER TABLE `campaign` ENABLE KEYS */;
UNLOCK TABLES;

--
-- Table structure for table `match`
--

DROP TABLE IF EXISTS `match`;
/*!40101 SET @saved_cs_client     = @@character_set_client */;
/*!40101 SET character_set_client = utf8 */;
CREATE TABLE `match` (
  `id` int(11) unsigned NOT NULL AUTO_INCREMENT,
  `campaign_id` int(10) unsigned DEFAULT NULL,
  `team_1` varchar(50) DEFAULT NULL,
  `team_2` varchar(50) DEFAULT NULL,
  `team_1_score` tinyint(4) DEFAULT NULL,
  `team_2_score` tinyint(4) DEFAULT NULL,
  `rate` float DEFAULT NULL,
  `result` tinyint(4) DEFAULT NULL,
  `match_date` timestamp NULL DEFAULT NULL,
  `description` text,
  `created_by` int(10) unsigned DEFAULT NULL,
  `created_time` timestamp NULL DEFAULT CURRENT_TIMESTAMP,
  `modified_time` timestamp NULL DEFAULT NULL,
  PRIMARY KEY (`id`),
  KEY `created_by` (`created_by`),
  KEY `campaign_id` (`campaign_id`)
) ENGINE=MyISAM AUTO_INCREMENT=58 DEFAULT CHARSET=latin1;
/*!40101 SET character_set_client = @saved_cs_client */;

--
-- Dumping data for table `match`
--

LOCK TABLES `match` WRITE;
/*!40000 ALTER TABLE `match` DISABLE KEYS */;
INSERT INTO `match` VALUES (12,NULL,'Spain','Holland',1,5,1,2,'2014-06-13 19:00:17','Tay Ban Nha chap 1 trai.',NULL,'2014-06-13 01:37:30',NULL),(11,NULL,'Mexico','Cameroon',1,0,0.5,1,'2014-06-13 16:00:14','Mexico chap Cameroon 0.5 trai',NULL,'2014-06-13 01:35:47',NULL),(10,NULL,'Brazil','Croatia',3,1,1.5,1,'2014-06-12 20:00:04','Brazil chap 1.5 trai.',NULL,'2014-06-12 08:26:35',NULL),(13,NULL,'Chile','Australia',3,1,1,1,'2014-06-13 22:00:36','Chile chap Australia 1 trai.',NULL,'2014-06-13 11:13:26',NULL),(14,NULL,'Colombia','Hy Lap',3,0,0.5,1,'2014-06-14 16:00:58','Columbia chap Hy Lap 0.5 trai',NULL,'2014-06-14 01:35:40',NULL),(15,NULL,'  Uruguay','Costa Rica',1,3,1,2,'2014-06-14 19:00:50','Uruguay chap Costa Rica 1 trai',NULL,'2014-06-14 01:38:09',NULL),(16,NULL,'Anh','Italia',1,2,0,2,'2014-06-14 22:00:28','Dong banh',NULL,'2014-06-14 01:40:30',NULL),(17,NULL,'Bo Bien Nga','Nhat Ban',2,1,0,1,'2014-06-15 01:00:54','Dong banh',NULL,'2014-06-14 07:15:31',NULL),(18,NULL,'Thuy Sy','Ecuador',2,1,0.5,1,'2014-06-15 16:00:09','Thuy Sy chap Ecuador 0.5 trai',NULL,'2014-06-15 03:00:14',NULL),(19,NULL,'Phap','Honduras',3,0,1.5,1,'2014-06-15 19:00:38','Phap chap Honduras 1.5 trai',NULL,'2014-06-15 03:01:42',NULL),(20,NULL,'Argentina','Bosnia & Herz',2,1,1.5,2,'2014-06-15 22:00:53','Argentina chap Bosnia & Herz 1.5 trai',NULL,'2014-06-15 03:03:26',NULL),(21,NULL,'Duc','Bo Dao Nha',4,0,0.5,1,'2014-06-16 16:00:34','Duc chap 0.5 trai.',NULL,'2014-06-15 22:43:43',NULL),(22,NULL,'Iran','Nigeria',0,0,-0.5,1,'2014-06-16 19:00:59','Nigeria chap 0.5 trai.',NULL,'2014-06-15 22:54:38',NULL),(23,NULL,'Ghana','My',1,2,0.5,2,'2014-06-16 22:45:52','Ghana chap 0.5 trai.',NULL,'2014-06-15 22:56:40',NULL),(24,NULL,'Bi','Algeria',2,1,1.5,2,'2014-06-17 16:00:15','Bi chap 1.5 trai. Keo thom chut moi nguoi chien thang.',NULL,'2014-06-17 00:05:35',NULL),(25,NULL,'Brazil','Mexico',0,0,1.5,2,'2014-06-17 19:00:50','Brazil chap 1.5 trai. Keo thom chuc moi nguoi chien thang.',NULL,'2014-06-17 00:07:33',NULL),(26,NULL,'Nga','Han Quoc',1,1,1,2,'2014-06-17 22:00:55','Nga chap 1 trai. Update: 1:40 PM',NULL,'2014-06-17 00:09:27',NULL),(27,NULL,'Australia','Ha Lan',2,3,-2,1,'2014-06-18 16:00:35','Ha Lan chap 2 trai.',NULL,'2014-06-18 00:21:20',NULL),(28,NULL,'Tay Ban Nha','Chi Le',0,2,1,2,'2014-06-18 19:00:52','Tay Ban Nha chap 1 trai.',NULL,'2014-06-18 00:26:00',NULL),(29,NULL,'Camerron','Croatia',0,4,-1,2,'2014-06-18 22:00:15','Croatia chap 1 trai.',NULL,'2014-06-18 00:26:54',NULL),(30,NULL,'Columbia','Bo Bien Nga',2,1,0.5,1,'2014-06-19 16:00:02','Columbia chap Bo Bien Nga 0.5 trai',NULL,'2014-06-19 01:57:16',NULL),(31,NULL,'Uruguay','Anh',2,1,-0.5,1,'2014-06-19 19:00:26','Anh chap Uruguay 0.5 trai',NULL,'2014-06-19 02:13:31',NULL),(32,NULL,'Nhat Ban','Hy Lap',0,0,0.5,2,'2014-06-19 22:00:39','Nhat Ban chap Hy Lap 0.5 trai',NULL,'2014-06-19 02:15:00',NULL),(33,NULL,'Italia','Costa Rica',0,1,1,2,'2014-06-20 16:00:48','Italia chap 1 trai',NULL,'2014-06-20 02:54:30',NULL),(34,NULL,'Thuy Sy','Phap',2,5,-0.5,2,'2014-06-20 19:00:40','Phap chap 0.5 trai, update: 4:45 PM',NULL,'2014-06-20 02:55:40',NULL),(35,NULL,'Honduras','Ecuador',1,2,-0.5,2,'2014-06-20 22:00:45','Ecuador chap 0.5 trai',NULL,'2014-06-20 02:56:31',NULL),(36,NULL,'Argentina','Iran',1,0,2,2,'2014-06-21 16:00:26','Argentina chap Iran 2 trai',NULL,'2014-06-21 04:50:00',NULL),(37,NULL,'Duc','Ghana',2,2,1.5,2,'2014-06-21 19:00:33','Duc chap Ghana 1.5 trai',NULL,'2014-06-21 04:51:22',NULL),(38,NULL,'Nigeria','Bosnia & Herz',1,0,-0.5,1,'2014-06-21 22:00:43','Bosnia & Herz chap Nigeria 0.5 trai',NULL,'2014-06-21 04:55:08',NULL),(39,NULL,'Bi','Nga',1,0,-0.5,1,'2014-06-22 16:00:33','Bi chap Nga 0.5 trai',NULL,'2014-06-22 01:29:25',NULL),(40,NULL,'Han Quoc','Algieria',2,4,-0.5,2,'2014-06-22 19:00:34','Han Quoc chap Algieria 0.5 trai',NULL,'2014-06-22 01:30:37',NULL),(41,NULL,'My','Bo Dao Nha',2,2,1,2,'2014-06-22 22:00:46','BDN chap My 1 trai',NULL,'2014-06-22 01:32:28',NULL),(42,NULL,'Uc','Tay Ban Nha',0,3,-1.5,2,'2014-06-23 16:00:48','TBN chap Uc 1.5 trai',NULL,'2014-06-23 03:42:51',NULL),(43,NULL,'Ha Lan','ChiLe',2,0,0,1,'2014-06-23 16:00:57','Dong banh',NULL,'2014-06-23 03:43:41',NULL),(44,NULL,'Comeroon','Brazil',1,4,-2.5,2,'2014-06-23 20:00:04','Brazil chap Comeroon 2.5 trai',NULL,'2014-06-23 03:47:16',NULL),(45,NULL,'Croatia','Mexico',1,3,0,2,'2014-06-23 20:00:35','Dong banh',NULL,'2014-06-23 03:48:31',NULL),(46,NULL,'Y','Uruquay',0,1,0,2,'2014-06-24 16:00:14','Dong banh',NULL,'2014-06-23 23:08:34',NULL),(47,NULL,'Costa Rica','Anh',0,0,-0.5,1,'2014-06-24 16:00:52','Anh chap 0.5 trai.',NULL,'2014-06-23 23:10:25',NULL),(48,NULL,'Nhat Ban','Colombia',1,4,-0.5,2,'2014-06-24 20:00:41','Colombia chap 0.5 trai.',NULL,'2014-06-23 23:11:37',NULL),(49,NULL,'Hy Lap','Bo Bien Nga',2,1,-0.5,1,'2014-06-24 20:00:44','Bo Bien Nga chap 0.5 trai',NULL,'2014-06-23 23:22:50',NULL),(50,NULL,'Nigeria','Argentina',2,3,-1.5,1,'2014-06-25 16:00:50','Argentia chap Nigeria 1.5 trai',NULL,'2014-06-25 02:08:05',NULL),(51,NULL,'Bosnia','Iran',3,1,0.5,1,'2014-06-25 16:00:10','Bosnia chap Iran 0.5 trai',NULL,'2014-06-25 02:09:08',NULL),(52,NULL,'Honduras','Thuy Si',0,3,-1.5,2,'2014-06-25 20:00:42','Thuy Sy chap Honduras 1.5 trai',NULL,'2014-06-25 08:34:14',NULL),(53,NULL,'Ecuador','Phap',0,0,1,2,'2014-06-25 20:00:22','Phap chap Ecuador 1 trai',NULL,'2014-06-25 08:35:01',NULL),(54,NULL,'My','Duc',0,1,-1,0,'2014-06-26 16:00:44','Duc chap 1 trai',NULL,'2014-06-26 06:39:48',NULL),(55,NULL,'Bo Dao Nha','Ghana',2,1,0.5,1,'2014-06-26 16:00:53','Bo Dao Nha chap 0.5 trai',NULL,'2014-06-26 06:40:29',NULL),(56,NULL,'Han Quoc','Bi',0,1,-1,0,'2014-06-26 20:00:55','Bi chap 1 trai',NULL,'2014-06-26 06:41:40',NULL),(57,NULL,'Algeria','Nga',1,1,-0.5,1,'2014-06-26 20:00:02','Nga chap 0.5 trai',NULL,'2014-06-26 06:42:32',NULL);
/*!40000 ALTER TABLE `match` ENABLE KEYS */;
UNLOCK TABLES;

--
-- Table structure for table `migration`
--

DROP TABLE IF EXISTS `migration`;
/*!40101 SET @saved_cs_client     = @@character_set_client */;
/*!40101 SET character_set_client = utf8 */;
CREATE TABLE `migration` (
  `version` varchar(180) NOT NULL,
  `apply_time` int(11) DEFAULT NULL,
  PRIMARY KEY (`version`)
) ENGINE=MyISAM DEFAULT CHARSET=latin1;
/*!40101 SET character_set_client = @saved_cs_client */;

--
-- Dumping data for table `migration`
--

LOCK TABLES `migration` WRITE;
/*!40000 ALTER TABLE `migration` DISABLE KEYS */;
INSERT INTO `migration` VALUES ('m000000_000000_base',1401873449),('m131114_141544_add_user',1401873454);
/*!40000 ALTER TABLE `migration` ENABLE KEYS */;
UNLOCK TABLES;

--
-- Table structure for table `profile`
--

DROP TABLE IF EXISTS `profile`;
/*!40101 SET @saved_cs_client     = @@character_set_client */;
/*!40101 SET character_set_client = utf8 */;
CREATE TABLE `profile` (
  `id` int(10) unsigned NOT NULL AUTO_INCREMENT,
  `user_id` int(10) unsigned NOT NULL,
  `create_time` timestamp NULL DEFAULT NULL,
  `update_time` timestamp NULL DEFAULT NULL,
  `full_name` varchar(255) DEFAULT NULL,
  `money` int(11) DEFAULT '0',
  PRIMARY KEY (`id`),
  KEY `profile_user_id` (`user_id`)
) ENGINE=MyISAM AUTO_INCREMENT=61 DEFAULT CHARSET=latin1;
/*!40101 SET character_set_client = @saved_cs_client */;

--
-- Dumping data for table `profile`
--

LOCK TABLES `profile` WRITE;
/*!40000 ALTER TABLE `profile` DISABLE KEYS */;
INSERT INTO `profile` VALUES (1,1,'2014-06-04 22:17:34','2014-06-12 09:38:40','Administrator',NULL),(3,3,'2014-06-11 07:06:19','2014-06-23 03:26:10','Cam Nguyen (2)',0),(4,4,'2014-06-11 07:18:02','2014-06-12 07:21:12','',NULL),(5,5,'2014-06-11 07:18:05','2014-06-12 01:52:36','CR7',NULL),(6,6,'2014-06-11 07:18:17','2014-06-12 16:13:49','Thang Hood',0),(7,7,'2014-06-11 07:19:18','2014-06-12 09:05:29','',0),(33,33,'2014-06-12 08:46:09','2014-06-23 03:31:01','Phuong Vo',11000),(19,19,'2014-06-12 07:23:18','2014-06-12 15:31:05','',0),(34,34,'2014-06-12 08:48:52','2014-06-19 07:37:27','',NULL),(10,10,'2014-06-11 07:43:07','2014-06-16 07:14:04','Nhan Tran',0),(32,32,'2014-06-12 08:14:07','2014-06-19 15:27:40','',0),(11,11,'2014-06-12 01:36:53',NULL,NULL,NULL),(12,12,'2014-06-12 01:56:09','2014-06-25 15:40:05','Linh Truong',0),(13,13,'2014-06-12 03:58:57',NULL,NULL,NULL),(14,14,'2014-06-12 04:29:20','2014-06-12 13:09:14','Ngoc Luong',0),(15,15,'2014-06-12 06:36:11','2014-06-12 18:35:40','',0),(16,16,'2014-06-12 07:19:03','2014-06-12 09:14:45','',0),(17,17,'2014-06-12 07:21:25','2014-06-18 10:03:07','',0),(20,20,'2014-06-12 07:25:50','2014-06-12 15:32:10','',0),(21,21,'2014-06-12 07:25:59','2014-06-17 06:45:25','KenCoca Le (3)',0),(22,22,'2014-06-12 07:26:03','2014-06-12 15:31:58','An Hoang',0),(24,24,'2014-06-12 07:33:05','2014-06-12 15:27:04','Nghiem',0),(25,25,'2014-06-12 07:33:12',NULL,NULL,NULL),(26,26,'2014-06-12 07:39:46','2014-06-12 08:13:59','',0),(27,27,'2014-06-12 07:49:31','2014-06-26 01:37:26','Lien P (2)',472),(28,28,'2014-06-12 07:49:45','2014-06-16 21:04:44','Tung Vuong (2)',0),(58,58,'2014-06-18 06:28:59',NULL,NULL,0),(29,29,'2014-06-12 07:50:34','2014-06-12 15:33:16','',0),(30,30,'2014-06-12 07:51:02','2014-06-23 03:22:51','I\'m_Back',0),(31,31,'2014-06-12 08:12:15','2014-06-20 03:50:42','Loc Nguyen (2)',0),(52,52,'2014-06-17 04:32:06','2014-06-21 11:16:16','(2)',0),(35,35,'2014-06-12 09:12:42','2014-06-16 03:22:34','Phong Nguyen (2)',0),(39,39,'2014-06-12 18:53:26','2014-06-21 18:12:26','Don\'t  give up (2)',0),(46,46,'2014-06-13 10:21:53','2014-06-23 03:28:52','',5000),(36,36,'2014-06-12 09:59:56','2014-06-12 15:33:52','',100),(37,37,'2014-06-12 10:59:41',NULL,NULL,NULL),(38,38,'2014-06-12 13:34:43',NULL,NULL,NULL),(40,40,'2014-06-12 23:28:47','2014-06-13 02:06:49','',NULL),(41,41,'2014-06-13 01:44:14','2014-06-13 02:16:48','',NULL),(42,42,'2014-06-13 02:06:37','2014-06-13 02:17:26','',NULL),(43,43,'2014-06-13 02:09:49','2014-06-13 02:17:51','',NULL),(44,44,'2014-06-13 02:18:56','2014-06-13 10:23:02','',0),(45,45,'2014-06-13 02:36:18','2014-06-13 02:40:47','',0),(47,47,'2014-06-13 10:47:39','2014-06-23 03:28:09','',0),(60,60,'2014-06-21 07:20:57','2014-06-21 07:35:28','',0),(48,48,'2014-06-15 13:33:41','2014-06-23 03:24:15','',0),(51,51,'2014-06-16 08:36:12','2014-06-21 15:51:38','',0),(50,50,'2014-06-16 05:09:45','2014-06-16 08:38:58','',NULL),(53,53,'2014-06-17 08:40:10','2014-06-23 03:30:05','Huan Tran',0),(54,54,'2014-06-17 12:01:59','2014-06-17 13:47:58','',0),(59,59,'2014-06-21 05:31:17','2014-06-23 03:30:31','',1),(55,55,'2014-06-17 14:23:41','2014-06-23 03:25:43','',0),(56,56,'2014-06-18 02:59:34',NULL,NULL,0);
/*!40000 ALTER TABLE `profile` ENABLE KEYS */;
UNLOCK TABLES;

--
-- Table structure for table `role`
--

DROP TABLE IF EXISTS `role`;
/*!40101 SET @saved_cs_client     = @@character_set_client */;
/*!40101 SET character_set_client = utf8 */;
CREATE TABLE `role` (
  `id` int(10) unsigned NOT NULL AUTO_INCREMENT,
  `name` varchar(255) NOT NULL,
  `create_time` timestamp NULL DEFAULT NULL,
  `update_time` timestamp NULL DEFAULT NULL,
  `can_admin` tinyint(4) DEFAULT '0',
  PRIMARY KEY (`id`)
) ENGINE=MyISAM AUTO_INCREMENT=4 DEFAULT CHARSET=latin1;
/*!40101 SET character_set_client = @saved_cs_client */;

--
-- Dumping data for table `role`
--

LOCK TABLES `role` WRITE;
/*!40000 ALTER TABLE `role` DISABLE KEYS */;
INSERT INTO `role` VALUES (1,'Admin','2014-06-04 22:17:34',NULL,1),(2,'User','2014-06-04 22:17:34',NULL,0),(3,'Guest','2014-06-04 22:17:34',NULL,0);
/*!40000 ALTER TABLE `role` ENABLE KEYS */;
UNLOCK TABLES;

--
-- Table structure for table `user`
--

DROP TABLE IF EXISTS `user`;
/*!40101 SET @saved_cs_client     = @@character_set_client */;
/*!40101 SET character_set_client = utf8 */;
CREATE TABLE `user` (
  `id` int(10) unsigned NOT NULL AUTO_INCREMENT,
  `role_id` int(10) unsigned NOT NULL,
  `email` varchar(255) DEFAULT NULL,
  `new_email` varchar(255) DEFAULT NULL,
  `username` varchar(255) DEFAULT NULL,
  `password` varchar(255) DEFAULT NULL,
  `status` tinyint(4) NOT NULL,
  `auth_key` varchar(255) DEFAULT NULL,
  `api_key` varchar(255) DEFAULT NULL,
  `create_time` timestamp NULL DEFAULT NULL,
  `update_time` timestamp NULL DEFAULT NULL,
  `ban_time` timestamp NULL DEFAULT NULL,
  `ban_reason` varchar(255) DEFAULT NULL,
  `registration_ip` varchar(45) DEFAULT NULL,
  `login_ip` varchar(45) DEFAULT NULL,
  `login_time` timestamp NULL DEFAULT NULL,
  PRIMARY KEY (`id`),
  UNIQUE KEY `user_email` (`email`),
  UNIQUE KEY `user_username` (`username`),
  KEY `user_role_id` (`role_id`)
) ENGINE=MyISAM AUTO_INCREMENT=61 DEFAULT CHARSET=latin1;
/*!40101 SET character_set_client = @saved_cs_client */;

--
-- Dumping data for table `user`
--

LOCK TABLES `user` WRITE;
/*!40000 ALTER TABLE `user` DISABLE KEYS */;
INSERT INTO `user` VALUES (1,1,'admin@localhost.com',NULL,'admin','$2y$13$9A6v2inghjnLIyKhHjHVx.AEVfbI9zQl83jrxnFzCXT9JOfpFwLZ6',1,'KSQVZx_QRLt7Jic-WL2uzQl6tNlHyrE9','1UneDlwyKNYl8VL2uFD2B6LqHtbXydN8','2014-06-04 22:17:34','2014-06-12 09:38:40',NULL,NULL,NULL,'113.161.77.84','2014-06-27 02:51:00'),(11,2,'htdu@tma.com.vn',NULL,'kaze','$2y$13$i7QOBCbfTKSfX/dLXFy6JuA.7Rfa/HobnVaxp0oAC/gMBklmrvci6',0,'mBE650MKEf6XtcQ1aHalso08P55zskeK','818K1_ExTUePrQ_2uZYaw-HmfunUDsOL','2014-06-12 01:36:53',NULL,NULL,NULL,'113.161.77.117','113.161.77.85','2014-06-23 08:53:52'),(3,2,'nmcam@tma.com.vn',NULL,'Lucky_FC','$2y$13$7BW3TTr5qPwxYflp3SineOk7fwH15mjlF6s9QPMFnyZ1EH7JuYZtK',1,'c6Y6isGPIDI51JmRks2YY_MNHMQiaDr7','RX91YuTAGosfVI_lOpFqh2FPblHqszcV','2014-06-11 07:06:19','2014-06-23 03:26:10',NULL,NULL,'203.162.139.106','202.55.72.158','2014-06-27 04:26:47'),(4,2,'nguyenanhkhoa@tma.com.vn',NULL,'silverdragon','$2y$13$S4uOlWoieAsf/Sf8VuvQOOWTrfjbSzqXm/iz53KI7yyiYp8tD3Q7G',0,'FVQJ0hYKaGrAQFU5qqMjK0XZqo6T5AbS','wCRdEeSYItBPrk1WUMZ7LqudFIEuf5qn','2014-06-11 07:18:02','2014-06-12 07:21:12',NULL,NULL,'113.161.77.120','113.161.77.89','2014-06-19 01:36:34'),(5,2,'ntmy@tma.com.vn',NULL,'CR7','$2y$13$hwlmYV.wevvdxb5TtK.yseJ494lp4syJi/2W1L8Z6uG/4h8l9mmh6',0,'65XgDQInW9filRFWFVxkKBi7kV-wR1Hj','C8pBXjXMoWBlulclEwo3eTowQGqTEZ3O','2014-06-11 07:18:05','2014-06-12 01:52:36',NULL,NULL,'113.161.77.155','113.161.77.68','2014-06-12 08:44:45'),(6,2,'dathi@tma.com.vn',NULL,'ThangHood','$2y$13$B3gn9UFBGdFFRxUtOG9Jb.EmM0knfNrbGnuApvHoSsXxogEwgVV6i',1,'EL4pYHqFRJTd7hBu_9udzmdH3sK4LCG2','X6VYJU2r7KRMOzL409osLzf2rhTXcgc2','2014-06-11 07:18:17','2014-06-12 16:15:59',NULL,NULL,'113.161.77.155','116.100.70.33','2014-06-24 14:44:17'),(7,2,'hvthuong@tma.com.vn',NULL,'Thuong','$2y$13$9VCR2FUd6h2y/heYkOQNaurOpSyK/Ucw3bEJlnrK7VesdVEqHDahi',1,'OW9LZObexH9raq6wBeOONuTii68k0Nhl','zLiI24RnAzJ_dZaYZq1eMECRXfUwyOaT','2014-06-11 07:19:18','2014-06-12 09:05:29',NULL,NULL,'113.161.77.117','113.161.77.85','2014-06-27 03:26:50'),(33,2,'vtphuong@tma.com.vn',NULL,'vtphuong','$2y$13$Lw2rnEupOqQyBWeybzRALuYMe8wzZMXHPlk7X7AXu6BBbLsz1FO6W',1,'0IaCnWdyWVb6XEpmCPLuggY4N3r0R3xf','N2B6th2EAHvKK07tOI9LUh0TCtE1wf9o','2014-06-12 08:46:09','2014-06-23 03:31:01',NULL,NULL,'113.161.77.119','113.161.77.156','2014-06-27 04:35:40'),(19,2,'nhthi@tma.com.vn',NULL,'nhthi','$2y$13$/yx5GDth8kCIKsfwSOrXKeDTfpz8g5fh.robnDwHF0oAPEZ7WZxLK',1,'jjJD6AG66T46_vKvJHT0l5nyRRZr8U6u','KIwNwidp6mg5M_P4u3_aIPf-gmQhcyHy','2014-06-12 07:23:18','2014-06-12 15:31:05',NULL,NULL,'113.161.77.116','203.162.139.107','2014-06-27 01:22:44'),(31,2,'nptloc@tma.com.vn',NULL,'bigbet','$2y$13$aQaWSeXIMcnGFti9z8wAPeNIVlS8WoPbkDNSWsXVg3oIU.I88Ufsq',1,'LJqb0Q066xawgNR-Iex2bTQ6FK5K-gLj','199QjEkxy4gHYi1owZ2WtbSNcKuNz_vf','2014-06-12 08:12:15','2014-06-20 03:50:42',NULL,NULL,'120.72.83.18','120.72.83.18','2014-06-25 01:39:48'),(10,2,'tlnhan@tma.com.vn',NULL,'Toxen','$2y$13$t5ITdRxq8FThHoXeXBXY5etTbpa7JsVmsC0EiUPG7lbNNHQixr2i2',1,'GPAAfEeNVVrgcq4Zi2vwo6UNxTE6VMXV','_grR7I4d6844tO_4IExVG9qcrcwORiQ7','2014-06-11 07:43:07','2014-06-16 07:14:04',NULL,NULL,'113.161.77.84','113.161.77.84','2014-06-26 08:44:24'),(12,2,'thlinh@tma.com.vn',NULL,'LinhTruong','$2y$13$IPb0PIvHvzRyTGS4G/BT4edpWxslrFdPtEZ2EQ38m/3MbPdnufrc6',0,'hgslyrFNRw5JzogGw3SrsTPMTgzvb1Y9','u2ZrkaArmZHKtKiuwI_sKMCGzc8_Bw__','2014-06-12 01:56:09','2014-06-25 15:40:05',NULL,NULL,'113.161.77.84','113.172.129.23','2014-06-25 15:37:19'),(13,2,'dttuan@tma.com.vn',NULL,'The_winner','$2y$13$tZv2AY4p4d8dwIJob8BOSe98yaraT5dvIpVsWFLSlBef/UFOD3iqK',0,'NuRMoyf2WNtzom-YZ-GwTBYoTJZChbcf','VRwAirLG3cGKfYV1j7fIvqbmNMqu5nSh','2014-06-12 03:58:57',NULL,NULL,NULL,'113.161.77.118','113.161.77.120','2014-06-27 01:33:40'),(14,2,'lbngoc@tma.com.vn',NULL,'lbngoc','$2y$13$ROaQYAA2NFdEAOh8bL.nze6qdo57ePH4WoIw4v4iJTF4dyq267DWu',1,'4NfTwNtrpy0AIJC2hSAWZWVjita-KuV-','Jloxi0S5LmPes6Zbk5dI9VFq3o1C69wF','2014-06-12 04:29:20','2014-06-12 13:09:14',NULL,NULL,'113.161.77.85','203.162.42.131','2014-06-27 05:25:56'),(15,2,'hthngoc@tma.com.vn',NULL,'grruguru','$2y$13$G8GohulcFcXa0Na7/FVPyujs8mCRSh6.FIot.t4VaJcWJuGw0frLy',1,'KRr47IwxAFzG0I4XeD3PFSDUzeZaF3qM','7v53ix9Ki3F1qSeq5Sw4mHUbyXlr3U0M','2014-06-12 06:36:11','2014-06-13 20:02:15',NULL,NULL,'113.161.77.87','113.161.77.84','2014-06-23 01:49:37'),(16,2,'cmsam@tma.com.vn',NULL,'samsung','$2y$13$bvqosPBb/obZN.qxb9Avk.N/oYlYpTu8rMklVUyjF.PWGJuhf29my',1,'ZYZh0f8jZQXqRRunGR4eViEl1s9n7gOM','lGZQppOWR66AcrlFaHyoJT25dQY-HBiY','2014-06-12 07:19:03','2014-06-12 09:33:12',NULL,NULL,'137.116.158.220','137.116.158.220','2014-06-27 04:36:09'),(17,2,'nguyentruongson@tma.com.vn',NULL,'sonnguyen','$2y$13$G.b/SBnbGVsubGjgAttnqeAFRbTZwLYEMNKJ9iUA2cLzu7en.F.tC',1,'9t_KiB1vXAU8cIMX7wv6cYCnLMBdW1Qc','iInW7Jlbz7wibdy9NRk5CS0fE_bz9x9L','2014-06-12 07:21:25','2014-06-19 03:07:49',NULL,NULL,'113.161.77.85','27.79.168.58','2014-06-19 18:02:43'),(20,2,'nvthem@tma.com.vn',NULL,'ThemNguyen','$2y$13$KPeRSRTPVetyw6C5rzpepurFzKNLzLrc7.RsawF.sXJ1iLAJ12vpa',1,'ABVsk0xR6qrKws5L7WesZFfc2yTREOz9','7Su2iVxSW5OwawqxZXIcqMablTtsslbq','2014-06-12 07:25:50','2014-06-16 03:56:01',NULL,NULL,'113.161.77.155','113.161.77.117','2014-06-27 01:31:56'),(21,2,'ltdat@tma.com.vn',NULL,'datto','$2y$13$O33RLz4iCRiuDDAxpw8KVOUt9FmH0cOcyfiTqqo2kKPC8VrRhqHGW',1,'cFEgHD07rblfB1mteGZswUlrR63SiQsQ','dt4_wCZToLzka3ODcN62NzrxDK1DCDJX','2014-06-12 07:25:59','2014-06-17 06:45:25',NULL,NULL,'113.161.77.120','115.73.15.248','2014-06-22 16:04:42'),(22,2,'hnan@tma.com.vn',NULL,'HNAN','$2y$13$IOKX6MbEfMeSM5w8Uh/5ce.s5db5.wa5QNpVAvptLlyHIDvazCT36',1,'H-F-Api0xB09DOTgQIpquBi3zX9hxCoL','CBBooH1IZEzXE9SUMtmnmnfri8g4_W-j','2014-06-12 07:26:03','2014-06-12 15:31:58',NULL,NULL,'113.161.77.89','113.172.227.163','2014-06-27 00:31:11'),(34,2,'ndinhnghia@tma.com.vn',NULL,'banh_xac','$2y$13$f.0sw/iz.y8bIGsvoW5hKODpyQIvJQhwZvTqpvvY3Jv9G5eTSA1Wm',0,'77iaHPz8Gohl7dZgRA0buqSfoDja3-lg','Fqwd09fvqgnpVj3LJo-Wy53U44TmJjve','2014-06-12 08:48:52','2014-06-19 07:37:27',NULL,NULL,'113.161.77.117',NULL,NULL),(24,2,'lnmnghiem@tma.com.vn',NULL,'Nghiem','$2y$13$tG2iurKxTE.u4z7YV03WIOUdjDGiWo9MvWAKN6xypmM3Q98nwueoW',1,'0fpPFhO7pDrcxVEbfxg1xLVfecHXs4qi','3Axu57FIqZGZV2cmu-_wu_Zsf2oAY7eb','2014-06-12 07:33:05','2014-06-12 15:27:04',NULL,NULL,'113.161.77.84','113.161.77.156','2014-06-27 03:17:15'),(25,2,'tthnhan@tma.com.vn',NULL,'tthnhan','$2y$13$001p4Wv2iAmi3/pzffVFEuP..4delh.be4vM6HKGCndnud7zn/o6u',0,'EMkcLdW_TydUGaPq-qOPenHbDxCX0K5w','sZsY-lnx_WnSkCaYKdXihgNLbg8UjEeu','2014-06-12 07:33:12',NULL,NULL,NULL,'113.161.77.68',NULL,NULL),(26,2,'vcduy@tma.com.vn',NULL,'Rihanna','$2y$13$ivpr09mZkF0jCCvGaOrQAuYMwn3TBWeQP6I9k1.qEevaaMFj6Guyu',1,'X_M2wmNQHOhGwRMa4-r-5Lpqg43S7a2I','flPPtVKMG1pSq7a0z-7Gu1KInQWPKZqD','2014-06-12 07:39:46','2014-06-12 08:13:59',NULL,NULL,'113.161.77.116','113.161.77.68','2014-06-27 02:58:43'),(27,2,'pthlien@tma.com.vn',NULL,'ttt1984','$2y$13$o3LyOULXA1PtAZN6zPV2K.aNuaWGyINSApMdWgWAk93NOkbfDyozG',1,'Xjcdf9SuaIdV1QfiRTHYmEgOYgZWd-j1','8J0X88RkAQvh-U7KHneTdNP5APwrS7yO','2014-06-12 07:49:31','2014-06-26 01:37:26',NULL,NULL,'113.161.77.119','15.203.137.74','2014-06-27 05:09:16'),(28,2,'vttung@tma.com.vn',NULL,'kovacic','$2y$13$FrbkepHCtVPmaE2lYJTVQud95004FJ.qJ/xSLSWThS0tx7tPGNZy2',1,'0ilMsfyHUjZYx8B2gu61AABJXxaFPinL','IxNmLaG9Ok-h3KH8PXJGOolrA-PjWbQT','2014-06-12 07:49:45','2014-06-16 21:04:44',NULL,NULL,'113.161.77.118','1.53.24.45','2014-06-26 16:15:25'),(29,2,'dmnhat@tma.com.vn',NULL,'NhatDang','$2y$13$XNIcRq7F8GzKOsKhaz67PuSd3pWKihxdIKzFX169BxA.GPDuRG7y6',1,'gRIl4hH-X6Xc7WEiwR6H-TwSEq8a3n0j','IP_F6Q_-toZgHfSmnF9Iv1URGWT3pPQX','2014-06-12 07:50:34','2014-06-12 15:33:16',NULL,NULL,'113.161.77.117','113.161.77.68','2014-06-27 01:53:21'),(30,2,'ntkhiet@tma.com.vn',NULL,'Mr_K','$2y$13$mxH1MAbKBssEDHSFMjFFouSC/lh/Bc0klK9lGoWX81zi7k7jssDOS',1,'fYdqvQeyIvd8AawBe3ba56IA3-4IkJbx','ywQD0ZtKTq0QIUh9i8sGzjsdw2orh5pa','2014-06-12 07:51:02','2014-06-23 03:22:51',NULL,NULL,'113.161.77.76','1.54.213.124','2014-06-27 03:21:40'),(32,2,'lttrung@tma.com.vn',NULL,'motngaymoi','$2y$13$u2rTJVEvUDTODQ8/iIZPDOuEKeRzwwQN0tbSqzPf0IdLwQix3DPee',1,'UbocU03jrUQ9KCHav-Ee2Cvp7GRWJ8yJ','v7_LSyaqeyy6rlDV1b3htD1evKowX4P4','2014-06-12 08:14:07','2014-06-19 15:27:40',NULL,NULL,'113.161.77.116','113.161.77.76','2014-06-20 03:21:41'),(35,2,'ncqphong@tma.com.vn',NULL,'qphongkdt','$2y$13$jhdEFN4.hL9KqIr6RCwVAOz8lCtJFTcTbBZHvu6qC0xJHb4qG.CiW',1,'WsmF5KoXuTJjVcrqgNdl88xCOtEU9iQg','lEVh1lCQ11vldyq5V4VPdp0lTm10Ogx0','2014-06-12 09:12:42','2014-06-16 03:22:34',NULL,NULL,'120.72.83.18','113.161.77.155','2014-06-23 03:45:30'),(36,2,'tvdam@tma.com.vn',NULL,'DamTran','$2y$13$yrP/XF.M9IPbLOPOzyNSk.6OYKlWGwH2fYpSKah5oEeeraTnKYAhm',1,'8YZLiii_P2MLmIM300b2P4T_FH4EXMCd','tCTVngJI28Y67xCL06Bk9sTyL6I13x_S','2014-06-12 09:59:56','2014-06-13 04:17:55',NULL,NULL,'113.161.77.119','183.80.81.235','2014-06-26 15:49:54'),(37,2,'hmhoang@tma.com.vn',NULL,'hmhoang','$2y$13$hTcC72xFL2ygO1JrWCC8ueqkYc.YUQmw72sE4c2b97cYKkpZ6LOJm',0,'Y9YPI-zFuTJJtJOAJ3r95gh92lssv6Aj','tq3WlTcmipr83muiukOKhI04EEvb-gGn','2014-06-12 10:59:41',NULL,NULL,NULL,'113.161.77.87',NULL,NULL),(41,2,'nthau@tma.com.vn',NULL,'nthau','$2y$13$PLxLYvpsMK61zHF..ecz8eW0bRBFYdSvFmpu411ZBhb.TMrxmzVZi',0,'N0lYGrxfA-rKnImFChqIJA6OgA6WgyDW','GrdIxZbyunB4sR6i7CinLp48yzmtePyr','2014-06-13 01:44:14','2014-06-13 02:16:48',NULL,NULL,'113.161.77.155',NULL,NULL),(38,2,'tbkthai@tma.com.vn',NULL,'tbkthai','$2y$13$41vn0pZgPRk/uGvB4dFcrOXejXVGwu9Fym6YSqNkJDS8QIM.66k7O',0,'-x745Zkjy5nbAtSyIEIHOEwsEQNxijCF','LSF9PE77NmongV3k5P7puznl1wxv_Phk','2014-06-12 13:34:43',NULL,NULL,NULL,'115.77.62.103',NULL,NULL),(39,2,'dthon@tma.com.vn',NULL,'bibi','$2y$13$wqTChqg3qGGlzW1T2ki8VO5Tvz6vykgre6pMuAUsA6DjpRVJ76Iqm',1,'tExKLF4sYVQasOFW-OWsJIHFZUkOmMPj','Y2j8NslwutGiaPCN4grT6Vttgfat68Cu','2014-06-12 18:53:26','2014-06-21 18:12:26',NULL,NULL,'113.22.241.174','115.73.15.248','2014-06-24 21:56:55'),(40,2,'test@gmail.com',NULL,'test','$2y$13$5EtnPlQGNBm6V0.ceM9GceH3lYuWxVVMYLLubcM.HQlzXSYl2VQYK',0,'jNRISGwf8vAHiwa4_3hlx0t5WZdBfNNH','V3wZZm2qW5RdxGCuWtC3wBhp-Bwwvr11','2014-06-12 23:28:47','2014-06-13 02:06:49',NULL,NULL,'115.73.65.209',NULL,NULL),(42,2,'dhttho@tma.com.vn',NULL,'dhttho','$2y$13$Z7YI/oNAKsKZoZatHWYSJ.4dVQ6MI1UQ3k8a1kzq/2VmZJcNI6eTu',0,'2IImq4zukqjsS1J7Q1XVF8okOlq1gwTO','F3of0fGvANOXUa_Unt8enTpA65ebZfLm','2014-06-13 02:06:37','2014-06-13 02:17:26',NULL,NULL,'113.161.77.68',NULL,NULL),(43,2,'nphicuong@tma.com.vn',NULL,'Santa','$2y$13$k0JFnDZJQrEW/kx/G9HXQOQAnV.BjNMtsrUjZvsiIWCpu4UEHzQQ6',0,'DOkO_3HuH1ldJWcPmjPOlwsazqpv_ljk','zyqNe7klokwkxE87GnDvzO2m_gTjolWJ','2014-06-13 02:09:49','2014-06-13 02:17:51',NULL,NULL,'113.161.77.89',NULL,NULL),(44,2,'lvanhung@tma.com.vn',NULL,'portugal','$2y$13$ndMDEdloidobwGwHUgPdxeygNDS9C9FNOsp5TBnm75KQi5dnq4d.q',1,'zfb8Z88p4LIEWCdkdLKymGwRNkxJ_P0m','dyW6ROHZGjDwoHojF2obAbp-nlOxRApN','2014-06-13 02:18:56','2014-06-13 11:11:45',NULL,NULL,'203.162.42.131','203.162.42.131','2014-06-27 02:13:55'),(45,2,'vdkhoi@tma.com.vn',NULL,'tranminh','$2y$13$c.hsMRRNWzb6IML7YDGuBOyxpJDr8MqB.AuyE921Q0HK5nJnt4I6q',1,'LSaMSYJz2XXatMzAr4zPyT9wFE-YT70t','_TutKSKoQYhRciskv1XKbcrPvNjOkz7y','2014-06-13 02:36:18','2014-06-13 02:40:47',NULL,NULL,'113.161.77.157','116.100.51.137','2014-06-26 15:16:54'),(46,2,'ltlinh@tma.com.vn',NULL,'LinhLe','$2y$13$ilv313X6Be6QDAV495rtFODT4T1Sf.3SKsVA4N/mQJEpGKFS6Pv0K',1,'NLq-pdYhu7RN7tSTMRd1Xn3BWPY4bwqw','nvAFasethAZwoZT1LcFMxZk4vqHbzT0o','2014-06-13 10:21:53','2014-06-23 03:28:52',NULL,NULL,'113.161.77.157','113.161.77.156','2014-06-27 03:10:20'),(52,2,'tdcuong@tma.com.vn',NULL,'messi','$2y$13$L9n1sIX8Jl7zJ6.QoZ5EhehM7efGsr3m5r9iYtdwxR3xgIhqg1AwW',1,'xGiMP75a_sNPisTVFqI6UYX2RK3xWw2T','ZVefzlm0ze-TmrrvkgOo3TELUQFGctxw','2014-06-17 04:32:06','2014-06-21 11:16:16',NULL,NULL,'113.161.77.116','113.161.77.118','2014-06-27 02:38:22'),(47,2,'lhtrung@tma.com.vn',NULL,'yeswecan','$2y$13$uX3/FBCHX5HsKBJ7yvrkbObLnecBuRfynJ2vhr7ZloHUVgCCgO2bq',1,'CDteIR7qcghB8iEmVlB3ecV_xKovcrRm','F4B_BqqwO-NHgSYgiqcjv3FZRc_bq5_4','2014-06-13 10:47:39','2014-06-23 03:28:09',NULL,NULL,'113.161.77.85','113.161.77.87','2014-06-26 02:24:53'),(48,2,'ptuanson@tma.com.vn',NULL,'Master_bet','$2y$13$yxjf0UUq9fJZM7v0dLHkIe03yRM3N3rkqiYTZJtuhHRNNAN67tDjG',1,'gmRxMTygJkFpLcbzjA5MBeKCHHHwO7aZ','2kaRFjcu1zsxYs0l-HrC7OsEizyIXQs3','2014-06-15 13:33:41','2014-06-23 03:24:15',NULL,NULL,'171.226.153.216','113.161.77.89','2014-06-27 01:38:34'),(50,2,'phtkiet@tma.com.vn',NULL,'kietfriendly','$2y$13$N2Wd6JAtTQh08mRR1FjnY.er0kpSYj6UHfqu37gBKTU9M9XnlGbFi',0,'VhiZARhH-H8nBCSmeZZT2XNzG25GLZev','TuY_fuoXY_O060wWQniGxNS2qPGh9Kj2','2014-06-16 05:09:45','2014-06-16 08:38:58',NULL,NULL,'113.161.77.87',NULL,NULL),(51,2,'nbanh@tma.com.vn',NULL,'nbanh','$2y$13$uzCPRDEZnBQ2SkU9fnfhteTAEIlV0uBUn6PUKxy4vxM9REq1WWnj6',1,'pPa7R2fzHPmzY2q0gzuxCFmNv1xJ3nb1','zPeD_Mz8MbTWtK_w7tFCHAvaIjocAJAS','2014-06-16 08:36:12','2014-06-21 15:51:38',NULL,NULL,'113.161.77.155','1.53.24.81','2014-06-26 03:38:44'),(53,2,'tghuan@tma.com.vn',NULL,'HuanTran','$2y$13$Lpn1jj8OvTX8843IjqAmg.JqtJTwExZ9Bz4BQ3OZFo8vMQL5AuHHu',1,'GSMDhdQa_HPdIO8V_6-k_Q7DpZ1qBFYH','BVSlFehMT6lmZD9cNvwiFZZWDWN2xDtb','2014-06-17 08:40:10','2014-06-23 03:30:05',NULL,NULL,'113.161.77.68','113.161.77.84','2014-06-25 04:27:34'),(56,2,'bqkhoi@tma.com.vn',NULL,'Hello_Kitty','$2y$13$jiSUvz0PhY.NuFRXlNH1yejeHiCdapwwdIApQsLX4RcaWypFgltae',0,'ok_vF1-5hDuAYb70qsdsrACb_mrOe5Y8','zQyBCihuzRWq9k53jVxHpXWTiV-q0Izv','2014-06-18 02:59:34',NULL,NULL,NULL,'113.161.77.76',NULL,NULL),(54,2,'nttung4@tma.com.vn',NULL,'hoathienvu','$2y$13$UdZaEUZAfZI2jYuLuPTRtOmt8O38J3XB835J3hpF7.Qp4KU3kZkHu',1,'bLJ9LIfD2nxbvnWa6mJkgTE0v07VIe3A','eLT15PAtoc3NAQ1taUBmje7FVhWP2MJL','2014-06-17 12:01:59','2014-06-17 13:55:15',NULL,NULL,'59.167.248.147','120.72.81.15','2014-06-27 02:30:35'),(55,2,'tttoai@tma.com.vn',NULL,'samurai','$2y$13$Cf4I2QSSQAsZb2OcrKDfyeuTso/AY982MWpz2ZVV1VnIvnoQ3WaVa',1,'HXFf_RgLzosVG1mRQuovaMmiau1mKEo1','KTYVGxFYWZWfeCx8HjwqEcMZmzHUNDRp','2014-06-17 14:23:41','2014-06-23 03:25:43',NULL,NULL,'113.161.77.85','123.21.254.189','2014-06-26 16:28:44'),(58,2,'lnatrung@tma.com.vn',NULL,'PF_GS','$2y$13$5NGvhRv9oRLmb/P6LjLFq.xoUvE2WROfKsVGmMaSRZx.FBEY.jfBO',0,'CKV_HsXAzKbYAKHgr5goD0yabAbGYEkD','DvzIOFIJFgZe7E7zLy6pzKxMHmVRANX2','2014-06-18 06:28:59',NULL,NULL,NULL,'113.161.77.213',NULL,NULL),(59,2,'ntthuong@tma.com.vn',NULL,'Gaaus','$2y$13$rLkJiWAlnc2h2CMioPyBNe/d7e49qvXGn1a4PwE2tG6ztu395Uw9m',1,'p3-J0xAntS6_2T2Hbg-JbMtKpCy_GoZr','g3bBoI8difNGnmz7_EYM_VoF6DmAzX0I','2014-06-21 05:31:17','2014-06-23 03:30:31',NULL,NULL,'113.172.130.155','113.172.129.23','2014-06-26 12:10:57'),(60,2,'toai.truong@tma.com.vn',NULL,'trity','$2y$13$WijhpYs9OT9EGz78UaYWhOiAspgSXw76xDGfm2zaIvRBS4WWXaaHa',1,'fqVynzwxVS3qR75cLIwKx1FJf3AN_N4Z','61ovaXotpYxYezJueCpZBCfO_BDjFiN_','2014-06-21 07:20:57','2014-06-21 07:35:28',NULL,NULL,'123.21.254.189','123.21.254.189','2014-06-22 21:01:23');
/*!40000 ALTER TABLE `user` ENABLE KEYS */;
UNLOCK TABLES;

--
-- Table structure for table `userkey`
--

DROP TABLE IF EXISTS `userkey`;
/*!40101 SET @saved_cs_client     = @@character_set_client */;
/*!40101 SET character_set_client = utf8 */;
CREATE TABLE `userkey` (
  `id` int(10) unsigned NOT NULL AUTO_INCREMENT,
  `user_id` int(10) unsigned NOT NULL,
  `type` tinyint(4) NOT NULL,
  `key` varchar(255) NOT NULL,
  `create_time` timestamp NULL DEFAULT NULL,
  `consume_time` timestamp NULL DEFAULT NULL,
  `expire_time` timestamp NULL DEFAULT NULL,
  PRIMARY KEY (`id`),
  UNIQUE KEY `userkey_key` (`key`),
  KEY `userkey_user_id` (`user_id`)
) ENGINE=MyISAM AUTO_INCREMENT=52 DEFAULT CHARSET=latin1;
/*!40101 SET character_set_client = @saved_cs_client */;

--
-- Dumping data for table `userkey`
--

LOCK TABLES `userkey` WRITE;
/*!40000 ALTER TABLE `userkey` DISABLE KEYS */;
INSERT INTO `userkey` VALUES (1,2,1,'ToLB9LOW4FKq-yHNlF8qF3Fh7BxD0YrM','2014-06-06 05:58:44',NULL,NULL),(2,1,2,'dQUAsDInj-6TLB7PrtDaPy1auQ7o2ILq','2014-06-11 08:04:27',NULL,'2014-06-11 08:49:31'),(3,14,1,'Q52t7_qPYAl-sP40UkNmCI-ZXGoLHRdv','2014-06-12 04:29:20',NULL,NULL),(4,15,1,'Sw3aSBzdsy63atuoMqxJLcRufkVcai2K','2014-06-12 06:36:11',NULL,NULL),(5,16,1,'GUebhQdaY6ZTty9Komemy_6UmDNXELEc','2014-06-12 07:29:48',NULL,NULL),(6,17,1,'u7he4Ha8mLeq7LjRfFDPvPT_pK3dAlfA','2014-06-12 07:21:25',NULL,NULL),(7,18,1,'12_XmLZW3fvwvJCjZzyNR_8chZSRG958','2014-06-12 07:22:19',NULL,NULL),(8,19,1,'VVNeR9YiuJFHM3WzLCyinQhknO8vQjKE','2014-06-12 07:23:18',NULL,NULL),(9,20,1,'NktioTLGcMIKYOC-IkiPUTSg4iKiQvre','2014-06-12 07:25:50',NULL,NULL),(10,21,1,'8y8P3rmGih-4tm6P5TFjyRl_V9S1tKMj','2014-06-12 07:25:59',NULL,NULL),(11,22,1,'cJjT_Scpy90LbS74dKybZREsy9W3tnii','2014-06-12 07:26:03',NULL,NULL),(12,23,1,'d7op0uCrlMNL4wK80IfKNMphi06qg81C','2014-06-12 07:30:46',NULL,NULL),(13,24,1,'vU3519sn44glm-QxD23zJtCXKYAti9wZ','2014-06-12 07:33:05',NULL,NULL),(14,25,1,'0bn4QUEvbFuIhk8Omtz-vw2wqPqZjKie','2014-06-12 07:33:12',NULL,NULL),(15,26,1,'FpjTM-enAhKY31NUSetoT22NyegkfGXK','2014-06-12 07:39:46',NULL,NULL),(16,27,1,'zRqakhkrlj06kInS7lcIMa6T-r-r0bUw','2014-06-12 07:49:31',NULL,NULL),(17,28,1,'5TDCEvRdCZwo8pblGJMnbnpSwyPbb_WO','2014-06-12 07:49:45',NULL,NULL),(18,29,1,'mauUOapPtU5yXWQ3NyqpMn9eXB5yDn-8','2014-06-12 07:50:34',NULL,NULL),(19,30,1,'f4FdQf78IdurOs2XT3-X3UZLEDXrc2KD','2014-06-12 07:51:02',NULL,NULL),(20,31,1,'LXNLoY4YCjOrWDXn_PAmmu-DS4Ts6kGR','2014-06-12 08:12:15',NULL,NULL),(21,32,1,'Rl9p3OV-WXajR7VufAayS_7f8ikmT1HY','2014-06-12 08:14:07',NULL,NULL),(22,33,1,'yiVdVjxeHprgAUgu0msVXFXdXIkG-hAy','2014-06-12 08:46:09',NULL,NULL),(23,34,1,'A40nVGfX9OJ_0GAghZdZByYwgOwm9c0B','2014-06-16 03:08:41',NULL,NULL),(24,34,3,'tHz3CpV5vWDrn5wbE-vTKnMHLxGJ9pC-','2014-06-12 08:50:11',NULL,'2014-06-14 08:50:11'),(25,35,1,'G-uOBLmSfgbBBQg7Z_BQBBdBB328_nTe','2014-06-12 09:12:42',NULL,NULL),(26,36,1,'B9PMA_LW8HsXU5YtVruTNscssfI7r3y8','2014-06-12 09:59:56',NULL,NULL),(27,37,1,'E-T7pg_ek6KFegplFibvdbSweU3ZBR26','2014-06-12 10:59:41',NULL,NULL),(28,38,1,'PsqF8rO0C9Kz2ajLHCqcI2hFjMDpsBoz','2014-06-12 13:34:43',NULL,NULL),(29,39,1,'rrSUbUofQRSCBN2Ra6Uoyvn0TTKTxD4J','2014-06-12 18:53:26',NULL,NULL),(30,40,1,'I3kTaAeMnhta0OjQAOSV9TxYIRc7XZhC','2014-06-12 23:28:47',NULL,NULL),(31,41,1,'BiuBP6wj0vounq33FL0GgSWPVJzdKZRt','2014-06-13 01:44:15',NULL,NULL),(32,42,1,'MUx7UZOchv47p3C6yNiSVYL2_rsWaPmF','2014-06-13 02:06:37',NULL,NULL),(33,43,1,'2zzOMJnoWymItUmpXX8DiC9pfNcl1GXV','2014-06-13 02:09:49',NULL,NULL),(34,44,1,'xqMhrHf_5Zwa8KUgsHcNAlhaluPZZLZW','2014-06-13 02:18:56',NULL,NULL),(35,45,1,'Wu0pTxK8xwNdSchyPfYmclY9DhhI3Qhm','2014-06-13 02:36:18',NULL,NULL),(36,46,1,'7TEBW0KqA__csgC3_zDT1I0XXgMlw10R','2014-06-13 10:21:53',NULL,NULL),(37,47,1,'5Zynk0cib6QpnmeR532iNaGSwFRkVhne','2014-06-13 10:47:39',NULL,NULL),(38,48,1,'uNs2F47yJoI8nL6qSmXJrS9m6SvHlMUV','2014-06-15 13:33:41',NULL,NULL),(39,49,1,'1sJAAvZ4xmzITxk7dinwlG6TqXmeiSGk','2014-06-16 01:51:16',NULL,NULL),(40,50,1,'GeZhWaQ68BTh-3UzRHs0sT0ERr336TMX','2014-06-16 05:09:45',NULL,NULL),(41,51,1,'ZLjbBbIwTPY3UD9okDlZ0TjnUB72__75','2014-06-16 08:36:12',NULL,NULL),(42,7,3,'Kzm-kjVEDdNrDus91v_V7U4YzRi8U5wV','2014-06-16 16:39:59',NULL,'2014-06-18 16:39:59'),(43,52,1,'iKi6CU7gVgXt1V6dGFSRnFRRJDxQbt6J','2014-06-17 04:32:06',NULL,NULL),(44,53,1,'mOH0k1qhNixyIlCGmrKzCMLSRgGrq-FU','2014-06-17 08:40:10',NULL,NULL),(45,54,1,'EM7njnzGFiEv257NopchD2g2X-lnOT5-','2014-06-17 12:01:59',NULL,NULL),(46,55,1,'XpxLdYCWErJY5ziy7SA0oiBEoH9jLei5','2014-06-17 14:23:41',NULL,NULL),(47,56,1,'vBE6HNVxjU13jUqzXM4kjB0573YmZKJU','2014-06-18 02:59:34',NULL,NULL),(48,57,1,'bHER2nIXi6NUkDzVxmyj7SKyYsEq778o','2014-06-18 04:17:40',NULL,NULL),(49,58,1,'2SPtXbuFpkPyHx86uWT_YhpAhvH_C-xi','2014-06-18 06:28:59',NULL,NULL),(50,59,1,'KvRiTM1svBigZ3FGPqu1gzEZ4YK2z5r4','2014-06-21 05:31:17',NULL,NULL),(51,60,1,'zsl5733mpbQmY5aWeym4ZiAbi7hUabN_','2014-06-21 07:20:57',NULL,NULL);
/*!40000 ALTER TABLE `userkey` ENABLE KEYS */;
UNLOCK TABLES;
/*!40103 SET TIME_ZONE=@OLD_TIME_ZONE */;

/*!40101 SET SQL_MODE=@OLD_SQL_MODE */;
/*!40014 SET FOREIGN_KEY_CHECKS=@OLD_FOREIGN_KEY_CHECKS */;
/*!40014 SET UNIQUE_CHECKS=@OLD_UNIQUE_CHECKS */;
/*!40111 SET SQL_NOTES=@OLD_SQL_NOTES */;

-- Dump completed on 2014-06-27  1:37:38
